,발생년,발생년월일시,주야,요일,사망자수,부상자수,중상자수,경상자수,부상신고자수,발생지시도,발생지시군구,사고유형_대분류,사고유형_중분류,사고유형,가해자법규위반,도로형태_대분류,도로형태,가해자_당사자종별,피해자_당사자종별,발생위치X_UTMK,발생위치Y_UTMK,경도,위도
7,2019,2019-01-02 10,주,수,1,0,0,0,0,서울,중구,차대사람,횡단중,횡단중,안전운전 의무 불이행,단일로,기타단일로,건설기계,보행자,955430.0,1952240.0,126.9952985,37.56844929
17,2019,2019-01-03 12,주,목,1,1,0,1,0,서울,노원구,차대사람,기타,기타,안전운전 의무 불이행,단일로,기타단일로,화물차,보행자,962122.0,1962574.0,127.0705398,37.66189171
18,2019,2019-01-03 17,주,목,1,0,0,0,0,서울,중구,차대사람,횡단중,횡단중,안전운전 의무 불이행,단일로,기타단일로,승합차,보행자,954851.0,1951572.0,126.9887834,37.56240025
47,2019,2019-01-08 04,야,화,1,0,0,0,0,서울,강서구,차대사람,횡단중,횡단중,안전운전 의무 불이행,교차로,교차로내,승용차,보행자,944117.0,1950716.0,126.867315,37.5540963
110,2019,2019-01-14 17,주,월,1,0,0,0,0,서울,구로구,차대사람,횡단중,횡단중,안전운전 의무 불이행,교차로,교차로내,승용차,보행자,945828.0,1943562.0,126.8872128,37.48971867
120,2019,2019-01-16 04,야,수,1,0,0,0,0,서울,성동구,차량단독,기타,기타,안전운전 의무 불이행,교차로,교차로부근,승용차,없음,957987.0,1949576.0,127.0244051,37.54455817
130,2019,2019-01-16 22,야,수,1,0,0,0,0,서울,강남구,차대사람,횡단중,횡단중,안전운전 의무 불이행,단일로,기타단일로,승용차,보행자,961407.0,1945530.0,127.0633317,37.50823968
132,2019,2019-01-17 05,야,목,1,0,0,0,0,서울,강동구,차대사람,횡단중,횡단중,과속,교차로,교차로횡단보도내,승용차,보행자,969058.0,1948101.0,127.1497905,37.5317016
138,2019,2019-01-17 11,주,목,1,4,2,2,0,서울,동작구,차대차,추돌,추돌,과속,교차로,교차로내,승용차,승용차,953853.0,1942637.0,126.9780449,37.48181733
142,2019,2019-01-18 00,야,금,1,0,0,0,0,서울,구로구,차대사람,기타,기타,안전운전 의무 불이행,교차로,교차로내,승용차,보행자,943085.0,1943620.0,126.8561816,37.49007643
147,2019,2019-01-18 10,주,금,1,2,0,2,0,서울,도봉구,차량단독,기타,기타,안전운전 의무 불이행,단일로,기타단일로,이륜차,없음,958964.0,1959934.0,127.034884,37.63796123
153,2019,2019-01-19 07,주,토,1,0,0,0,0,서울,구로구,차대차,기타,기타,안전거리 미확보,단일로,기타단일로,이륜차,승용차,946338.0,1944412.0,126.8929196,37.49740965
171,2019,2019-01-21 00,야,월,1,0,0,0,0,서울,구로구,차대차,측면충돌,측면충돌,신호위반,교차로,교차로내,승용차,이륜차,943093.0,1943401.0,126.856289,37.48810305
174,2019,2019-01-21 12,주,월,1,0,0,0,0,서울,금천구,차대사람,횡단중,횡단중,보행자 보호의무 위반,기타,기타,화물차,보행자,945810.0,1941615.0,126.8871526,37.47216896
186,2019,2019-01-22 13,주,화,1,1,1,0,0,서울,강남구,차대차,기타,기타,안전운전 의무 불이행,단일로,기타단일로,이륜차,화물차,959104.0,1945529.0,127.0372747,37.50813147
189,2019,2019-01-22 21,야,화,1,0,0,0,0,서울,금천구,차대사람,기타,기타,안전운전 의무 불이행,교차로,교차로내,승용차,보행자,947696.5,1939261.9,126.9086534,37.45106862
190,2019,2019-01-23 03,야,수,1,0,0,0,0,서울,종로구,차대사람,기타,기타,안전운전 의무 불이행,단일로,기타단일로,화물차,보행자,955745.0,1954622.0,126.9987214,37.58993392
198,2019,2019-01-24 00,야,목,1,0,0,0,0,서울,성동구,차대사람,횡단중,횡단중,안전운전 의무 불이행,단일로,기타단일로,승용차,보행자,959688.0,1950590.0,127.0436045,37.55377364
212,2019,2019-01-25 04,야,금,1,1,1,0,0,서울,도봉구,차량단독,기타,기타,안전운전 의무 불이행,단일로,기타단일로,이륜차,없음,960281.0,1965423.0,127.049512,37.68749225
220,2019,2019-01-25 23,야,금,1,0,0,0,0,서울,도봉구,차대사람,기타,기타,안전운전 의무 불이행,단일로,기타단일로,승용차,보행자,958977.0,1961402.0,127.0349488,37.65119311
247,2019,2019-01-29 05,야,화,1,0,0,0,0,서울,중구,차대사람,기타,기타,안전운전 의무 불이행,단일로,기타단일로,화물차,보행자,955908.0,1952047.0,127.0007227,37.56673275
257,2019,2019-01-30 00,야,수,1,0,0,0,0,서울,용산구,차대사람,횡단중,횡단중,안전운전 의무 불이행,단일로,기타단일로,승용차,보행자,953317.0,1948358.0,126.9716193,37.53335531
263,2019,2019-01-30 11,주,수,1,0,0,0,0,서울,은평구,차대사람,횡단중,횡단중,보행자 보호의무 위반,교차로,교차로횡단보도내,화물차,보행자,948778.0,1957704.0,126.9195936,37.61735061
270,2019,2019-01-30 18,야,수,1,0,0,0,0,서울,양천구,차대사람,차도통행중,차도통행중,안전운전 의무 불이행,단일로,기타단일로,화물차,보행자,941204.0,1948103.0,126.8345465,37.53036403
274,2019,2019-01-31 00,야,목,1,2,1,1,0,서울,구로구,차대사람,횡단중,횡단중,안전운전 의무 불이행,교차로,교차로횡단보도내,승용차,보행자,940264.0,1943538.0,126.8242793,37.48915915
301,2019,2019-02-03 08,주,일,1,2,2,0,0,서울,영등포구,차대차,기타,기타,신호위반,단일로,기타단일로,승용차,승용차,946793.0,1945276.0,126.8980042,37.50522336
317,2019,2019-02-06 23,야,수,1,0,0,0,0,서울,송파구,차대사람,횡단중,횡단중,신호위반,기타,기타,원동기장치자전거,보행자,966177.0,1943929.0,127.1173753,37.49399631
319,2019,2019-02-07 03,야,목,1,0,0,0,0,서울,구로구,차대사람,횡단중,횡단중,과속,단일로,기타단일로,승용차,보행자,944957.0,1943163.0,126.8773906,37.48607091
329,2019,2019-02-08 06,주,금,1,0,0,0,0,서울,마포구,차대사람,횡단중,횡단중,안전운전 의무 불이행,교차로,교차로내,승용차,보행자,952512.0,1950360.0,126.9623787,37.55135863
342,2019,2019-02-11 19,야,월,1,0,0,0,0,서울,종로구,차대사람,차도통행중,차도통행중,안전운전 의무 불이행,단일로,기타단일로,승용차,보행자,952632.0,1955433.0,126.9634092,37.59708856
344,2019,2019-02-12 00,야,화,1,0,0,0,0,서울,강남구,차대차,기타,기타,안전운전 의무 불이행,단일로,기타단일로,승용차,이륜차,958931.0,1942954.0,127.0354612,37.48491434
347,2019,2019-02-12 18,야,화,1,0,0,0,0,서울,강남구,차대차,측면충돌,측면충돌,기타,단일로,기타단일로,승용차,승용차,960592.0,1947218.0,127.0540199,37.5234198
352,2019,2019-02-13 04,야,수,1,0,0,0,0,서울,강남구,차대사람,차도통행중,차도통행중,과속,단일로,기타단일로,승용차,보행자,959294.0,1944810.0,127.0394643,37.50165926
384,2019,2019-02-15 21,야,금,1,0,0,0,0,서울,성북구,차대사람,횡단중,횡단중,보행자 보호의무 위반,단일로,기타단일로,승용차,보행자,957045.0,1955925.0,127.0133696,37.60173973
408,2019,2019-02-19 02,야,화,1,0,0,0,0,서울,영등포구,차량단독,기타,기타,안전운전 의무 불이행,기타,기타,승용차,없음,945626.0,1946803.0,126.8846882,37.51891839
443,2019,2019-02-24 06,주,일,1,0,0,0,0,서울,구로구,차량단독,공작물충돌,공작물충돌,기타,단일로,기타단일로,승용차,없음,941822.0,1945176.0,126.8417724,37.50402205
445,2019,2019-02-25 06,주,월,1,0,0,0,0,서울,성북구,차대차,측면충돌,측면충돌,안전운전 의무 불이행,교차로,교차로내,건설기계,자전거,960330.0,1957666.0,127.0504893,37.61757933
476,2019,2019-02-27 15,주,수,1,2,0,2,0,서울,송파구,차대차,측면충돌,측면충돌,중앙선 침범,단일로,기타단일로,이륜차,승용차,968450.0,1942527.0,127.1431484,37.48143985
487,2019,2019-03-01 00,야,금,1,0,0,0,0,서울,영등포구,차대사람,기타,기타,안전운전 의무 불이행,단일로,기타단일로,화물차,보행자,945654.0,1950281.0,126.8847476,37.55026757
496,2019,2019-03-03 01,야,일,1,0,0,0,0,서울,종로구,차대차,기타,기타,안전운전 의무 불이행,교차로,교차로부근,승용차,이륜차,955187.0,1953276.0,126.9924835,37.57777517
509,2019,2019-03-04 23,야,월,1,0,0,0,0,서울,광진구,차대사람,횡단중,횡단중,보행자 보호의무 위반,교차로,교차로횡단보도내,화물차,보행자,961464.0,1949282.0,127.0637797,37.54206021
527,2019,2019-03-06 18,야,수,1,0,0,0,0,서울,관악구,차대사람,기타,기타,안전운전 의무 불이행,교차로,교차로내,화물차,보행자,950651.0,1942653.0,126.9418285,37.481796
556,2019,2019-03-09 06,주,토,1,0,0,0,0,서울,용산구,차대사람,횡단중,횡단중,과속,단일로,지하차도(도로)내,승용차,보행자,953420.0,1948464.0,126.9727783,37.53431593
561,2019,2019-03-10 00,야,일,1,0,0,0,0,서울,동작구,차대사람,횡단중,횡단중,안전운전 의무 불이행,단일로,기타단일로,승용차,보행자,951882.0,1944172.6,126.955652,37.49555753
577,2019,2019-03-12 21,야,화,1,1,0,0,1,서울,은평구,차대차,측면충돌,측면충돌,신호위반,교차로,교차로내,이륜차,승합차,948807.0,1958371.0,126.9198754,37.62336391
588,2019,2019-03-13 19,야,수,1,0,0,0,0,서울,성동구,차대사람,기타,기타,안전운전 의무 불이행,단일로,기타단일로,화물차,보행자,958555.0,1951579.0,127.0307216,37.56263749
593,2019,2019-03-14 03,야,목,1,0,0,0,0,서울,금천구,차량단독,공작물충돌,공작물충돌,안전운전 의무 불이행,단일로,기타단일로,이륜차,없음,945367.0,1943057.0,126.8820358,37.48513987
594,2019,2019-03-14 05,야,목,1,0,0,0,0,서울,서대문구,차대차,측면충돌,측면충돌,안전운전 의무 불이행,단일로,기타단일로,승용차,승용차,949527.0,1953237.0,126.9283883,37.57713067
603,2019,2019-03-15 01,야,금,1,0,0,0,0,서울,강서구,차대사람,기타,기타,안전운전 의무 불이행,교차로,교차로부근,승합차,보행자,943718.2,1951051.1,126.8627745,37.55709228
606,2019,2019-03-15 06,주,금,1,0,0,0,0,서울,중랑구,차대차,기타,기타,중앙선 침범,단일로,기타단일로,기타,승용차,962291.2,1954883.2,127.0728551,37.5925798
628,2019,2019-03-18 05,야,월,1,0,0,0,0,서울,노원구,차대사람,횡단중,횡단중,안전운전 의무 불이행,단일로,기타단일로,승합차,보행자,962416.0,1962513.0,127.0738763,37.66135399
642,2019,2019-03-19 22,야,화,1,0,0,0,0,서울,관악구,차대사람,기타,기타,안전운전 의무 불이행,기타,기타,승용차,보행자,952162.0,1941717.0,126.9589791,37.47343905
647,2019,2019-03-20 09,주,수,1,0,0,0,0,서울,중랑구,차대사람,횡단중,횡단중,안전운전 의무 불이행,교차로,교차로횡단보도내,건설기계,보행자,963688.0,1953557.0,127.0887426,37.58068256
648,2019,2019-03-20 13,주,수,1,0,0,0,0,서울,강서구,차대사람,기타,기타,안전운전 의무 불이행,단일로,기타단일로,화물차,보행자,943258.0,1948345.0,126.8577736,37.53267389
650,2019,2019-03-21 03,야,목,1,2,0,0,2,서울,강남구,차대차,기타,기타,과속,단일로,기타단일로,화물차,승합차,960453.0,1947768.0,127.0524173,37.52837119
669,2019,2019-03-23 08,주,토,1,1,0,0,1,서울,강북구,차대차,추돌,추돌,안전운전 의무 불이행,교차로,교차로내,이륜차,화물차,957069.0,1961328.0,127.0133241,37.65043889
683,2019,2019-03-25 22,야,월,1,0,0,0,0,서울,동대문구,차대사람,횡단중,횡단중,안전운전 의무 불이행,단일로,기타단일로,승용차,보행자,960482.0,1952060.0,127.0525143,37.5670576
689,2019,2019-03-26 19,야,화,1,1,0,1,0,서울,종로구,차대사람,횡단중,횡단중,안전운전 의무 불이행,단일로,기타단일로,이륜차,보행자,956930.4,1952620.8,127.0122657,37.57195294
695,2019,2019-03-27 15,주,수,1,0,0,0,0,서울,강남구,차대사람,기타,기타,안전운전 의무 불이행,단일로,기타단일로,승합차,보행자,958006.0,1947460.0,127.0247412,37.52548689
732,2019,2019-03-31 21,야,일,1,0,0,0,0,서울,용산구,차대사람,기타,기타,안전운전 의무 불이행,단일로,기타단일로,화물차,보행자,955310.0,1947062.0,126.9942551,37.52177289
738,2019,2019-04-01 13,주,월,1,2,1,1,0,서울,중구,차대차,정면충돌,정면충돌,신호위반,교차로,교차로내,승용차,승합차,953456.0,1950944.0,126.9730284,37.55667052
742,2019,2019-04-01 16,주,월,1,0,0,0,0,서울,양천구,차대사람,횡단중,횡단중,신호위반,교차로,교차로횡단보도내,자전거,보행자,943060.0,1946808.0,126.8556519,37.51880861
794,2019,2019-04-07 02,야,일,1,0,0,0,0,서울,성북구,차량단독,전도,전도,안전운전 의무 불이행,단일로,기타단일로,이륜차,없음,957974.0,1956496.0,127.023861,37.60692919
795,2019,2019-04-07 03,야,일,1,0,0,0,0,서울,강서구,차대사람,기타,기타,안전운전 의무 불이행,단일로,기타단일로,승용차,보행자,942301.0,1948231.0,126.8469516,37.531587
796,2019,2019-04-07 04,야,일,1,0,0,0,0,서울,양천구,차량단독,공작물충돌,공작물충돌,안전운전 의무 불이행,단일로,기타단일로,화물차,없음,943307.0,1947948.0,126.8583589,37.52909872
802,2019,2019-04-07 20,야,일,1,0,0,0,0,서울,양천구,차대차,측면충돌,측면충돌,신호위반,단일로,기타단일로,승합차,이륜차,940154.0,1949090.0,126.8225829,37.53919228
814,2019,2019-04-09 01,야,화,1,0,0,0,0,서울,동작구,차대사람,횡단중,횡단중,안전운전 의무 불이행,단일로,기타단일로,승용차,보행자,950187.2,1945038.2,126.9364213,37.50326948
821,2019,2019-04-09 12,주,화,1,0,0,0,0,서울,관악구,차대차,측면충돌,측면충돌,안전운전 의무 불이행,교차로,교차로내,화물차,이륜차,948730.0,1943290.0,126.9200573,37.48743278
844,2019,2019-04-11 21,야,목,1,0,0,0,0,서울,서대문구,차대사람,횡단중,횡단중,안전운전 의무 불이행,단일로,기타단일로,승합차,보행자,950612.0,1955197.0,126.9405433,37.59485522
852,2019,2019-04-12 18,야,금,1,0,0,0,0,서울,강서구,차대차,측면충돌,측면충돌,안전거리 미확보,단일로,기타단일로,화물차,이륜차,942351.0,1950198.0,126.8473629,37.54931874
865,2019,2019-04-14 00,야,일,1,0,0,0,0,서울,강북구,차대사람,횡단중,횡단중,안전운전 의무 불이행,단일로,기타단일로,이륜차,보행자,958539.0,1960370.0,127.0300422,37.64187187
928,2019,2019-04-20 01,야,토,1,0,0,0,0,서울,성동구,차량단독,공작물충돌,공작물충돌,안전운전 의무 불이행,단일로,기타단일로,이륜차,없음,961379.0,1949340.0,127.0628145,37.54257943
936,2019,2019-04-21 03,야,일,1,5,1,4,0,서울,영등포구,차량단독,공작물충돌,공작물충돌,안전운전 의무 불이행,단일로,기타단일로,승합차,없음,948495.0,1946726.0,126.9171585,37.51838904
952,2019,2019-04-24 01,야,수,1,0,0,0,0,서울,중랑구,차대사람,횡단중,횡단중,안전운전 의무 불이행,단일로,기타단일로,승용차,보행자,964253.0,1955542.0,127.0950446,37.59859609
1018,2019,2019-05-01 13,주,수,1,0,0,0,0,서울,성동구,차대사람,횡단중,횡단중,신호위반,교차로,교차로횡단보도내,승용차,보행자,960015.0,1951910.0,127.0472345,37.56568544
1029,2019,2019-05-02 14,주,목,1,0,0,0,0,서울,서대문구,차대차,측면충돌,측면충돌,안전운전 의무 불이행,단일로,기타단일로,승용차,이륜차,950621.0,1954779.0,126.9406734,37.59108823
1037,2019,2019-05-03 02,야,금,1,0,0,0,0,서울,광진구,차대사람,기타,기타,안전운전 의무 불이행,단일로,교량위,승용차,보행자,962010.0,1948874.0,127.0699813,37.53840544
1047,2019,2019-05-04 01,야,토,1,2,0,2,0,서울,양천구,차대차,추돌,추돌,과속,교차로,교차로부근,승용차,화물차,941066.0,1946411.0,126.8331205,37.51510519
1063,2019,2019-05-05 15,주,일,1,0,0,0,0,서울,강동구,차대차,추돌,추돌,기타,교차로,교차로내,승용차,자전거,967257.0,1948982.0,127.1293674,37.53958022
1072,2019,2019-05-06 01,야,월,1,0,0,0,0,서울,강서구,차대사람,횡단중,횡단중,과속,단일로,기타단일로,승용차,보행자,938879.0,1951303.0,126.8079673,37.55905423
1073,2019,2019-05-06 02,야,월,1,0,0,0,0,서울,강서구,차대사람,횡단중,횡단중,안전운전 의무 불이행,단일로,기타단일로,승용차,보행자,941665.0,1949326.0,126.8396666,37.54141622
1081,2019,2019-05-07 06,주,화,1,0,0,0,0,서울,성동구,차대사람,횡단중,횡단중,보행자 보호의무 위반,교차로,교차로횡단보도내,승용차,보행자,959699.5,1949955.5,127.0437695,37.54805521
1084,2019,2019-05-07 09,주,화,1,3,1,2,0,서울,마포구,차대차,정면충돌,정면충돌,중앙선 침범,단일로,기타단일로,승용차,승용차,946655.0,1952092.0,126.8959476,37.56664875
1085,2019,2019-05-07 09,주,화,1,0,0,0,0,서울,강서구,차대사람,횡단중,횡단중,안전운전 의무 불이행,단일로,기타단일로,승합차,보행자,940275.0,1951398.0,126.8237645,37.56000204
1089,2019,2019-05-07 12,주,화,1,0,0,0,0,서울,종로구,차대차,기타,기타,안전운전 의무 불이행,단일로,기타단일로,자전거,화물차,953021.0,1952966.0,126.967974,37.57487308
1090,2019,2019-05-07 12,주,화,1,0,0,0,0,서울,마포구,차대사람,횡단중,횡단중,신호위반,단일로,기타단일로,건설기계,보행자,950722.0,1949798.0,126.9421524,37.54619923
1094,2019,2019-05-07 15,주,화,1,0,0,0,0,서울,성동구,차대차,측면충돌,측면충돌,안전운전 의무 불이행,교차로,교차로내,원동기장치자전거,승용차,959719.3,1950347.7,127.0439721,37.55159109
1097,2019,2019-05-07 17,주,화,1,0,0,0,0,서울,강서구,차대사람,차도통행중,차도통행중,기타,단일로,기타단일로,승용차,보행자,939355.0,1951025.0,126.8133794,37.5565801
1110,2019,2019-05-09 15,주,목,1,0,0,0,0,서울,은평구,차대사람,기타,기타,안전운전 의무 불이행,단일로,기타단일로,화물차,보행자,948463.0,1954021.0,126.9162838,37.58413796
1122,2019,2019-05-11 00,야,토,1,0,0,0,0,서울,서초구,차대사람,기타,기타,안전운전 의무 불이행,교차로,교차로부근,승용차,보행자,956591.0,1942817.0,127.0090019,37.48357248
1155,2019,2019-05-14 01,야,화,1,0,0,0,0,서울,송파구,차대차,측면충돌,측면충돌,중앙선 침범,단일로,기타단일로,원동기장치자전거,승용차,965899.0,1943616.0,127.114245,37.49116487
1157,2019,2019-05-14 13,주,화,1,2,0,2,0,서울,송파구,차대차,정면충돌,정면충돌,신호위반,교차로,교차로내,이륜차,승용차,965236.0,1946318.0,127.1066174,37.51549448
1159,2019,2019-05-14 16,주,화,1,0,0,0,0,서울,강서구,차대차,측면충돌,측면충돌,신호위반,단일로,기타단일로,승합차,자전거,941566.6,1948867.2,126.8385894,37.53727482
1179,2019,2019-05-16 11,주,목,1,2,0,2,0,서울,송파구,차대차,추돌,추돌,안전운전 의무 불이행,교차로,교차로부근,승용차,화물차,964435.0,1946416.0,127.0975489,37.51634726
1209,2019,2019-05-20 07,주,월,1,0,0,0,0,서울,성북구,차대사람,기타,기타,안전운전 의무 불이행,교차로,교차로횡단보도내,승합차,보행자,960894.0,1956911.0,127.0569204,37.61079852
1251,2019,2019-05-24 22,야,금,1,0,0,0,0,서울,노원구,차대사람,기타,기타,안전운전 의무 불이행,교차로,교차로부근,승합차,보행자,960514.0,1959666.0,127.0524662,37.63561364
1255,2019,2019-05-25 01,야,토,1,0,0,0,0,서울,서초구,차대차,기타,기타,안전운전 의무 불이행,단일로,기타단일로,이륜차,승용차,956812.0,1945542.0,127.0113416,37.50814421
1282,2019,2019-05-28 04,야,화,1,1,1,0,0,서울,중랑구,차대차,정면충돌,정면충돌,중앙선 침범,단일로,기타단일로,승용차,화물차,966115.0,1956942.0,127.1160727,37.6112852
1321,2019,2019-06-01 23,야,토,1,0,0,0,0,서울,강남구,차대사람,기타,기타,안전운전 의무 불이행,단일로,기타단일로,승용차,보행자,959677.0,1948034.0,127.0436204,37.53073513
1332,2019,2019-06-03 08,주,월,1,0,0,0,0,서울,구로구,차대차,측면충돌,측면충돌,신호위반,교차로,교차로내,승용차,이륜차,946450.0,1944063.0,126.894212,37.49427056
1354,2019,2019-06-05 18,야,수,1,2,1,1,0,서울,영등포구,차대차,측면충돌,측면충돌,과속,단일로,기타단일로,이륜차,승용차,946530.0,1949314.0,126.8947348,37.54160317
1360,2019,2019-06-05 21,야,수,1,0,0,0,0,서울,양천구,차대사람,차도통행중,차도통행중,보행자 보호의무 위반,교차로,교차로내,승합차,보행자,943355.0,1946352.0,126.8590252,37.51471681
1363,2019,2019-06-06 00,야,목,1,0,0,0,0,서울,강동구,차대사람,기타,기타,안전운전 의무 불이행,단일로,기타단일로,승용차,보행자,967904.0,1949038.0,127.1366885,37.54010773
1374,2019,2019-06-07 05,야,금,1,0,0,0,0,서울,성북구,차대사람,횡단중,횡단중,보행자 보호의무 위반,교차로,교차로횡단보도내,승용차,보행자,956632.0,1957000.0,127.0086272,37.61140951
1401,2019,2019-06-09 18,야,일,1,0,0,0,0,서울,강서구,차대차,기타,기타,신호위반,교차로,교차로내,이륜차,승합차,940525.0,1951378.5,126.8265966,37.55984247
1408,2019,2019-06-10 20,야,월,1,1,0,0,1,서울,동대문구,차대사람,횡단중,횡단중,안전운전 의무 불이행,단일로,기타단일로,이륜차,보행자,959254.0,1953675.0,127.0385195,37.58156049
1416,2019,2019-06-12 08,주,수,1,0,0,0,0,서울,서대문구,차대사람,차도통행중,차도통행중,안전운전 의무 불이행,교차로,교차로부근,건설기계,보행자,950701.0,1954865.0,126.9415738,37.59186764
1432,2019,2019-06-14 10,주,금,1,0,0,0,0,서울,성동구,차대사람,보도통행중,보도통행중,신호위반,교차로,교차로횡단보도내,이륜차,보행자,957942.0,1951153.0,127.0238053,37.55877005
1440,2019,2019-06-14 22,야,금,1,0,0,0,0,서울,구로구,차대사람,횡단중,횡단중,신호위반,교차로,교차로내,승용차,보행자,943267.0,1945810.0,126.8580713,37.50982631
1442,2019,2019-06-15 06,주,토,1,0,0,0,0,서울,동대문구,차대차,기타,기타,신호위반,교차로,교차로내,이륜차,승용차,959236.0,1953298.0,127.0383366,37.5781617
1457,2019,2019-06-17 16,주,월,1,0,0,0,0,서울,중랑구,차대사람,차도통행중,차도통행중,안전운전 의무 불이행,단일로,기타단일로,자전거,보행자,963961.0,1953558.0,127.0918344,37.5807023
1463,2019,2019-06-17 23,야,월,1,0,0,0,0,서울,종로구,차대차,추돌,추돌,안전운전 의무 불이행,단일로,기타단일로,이륜차,승합차,955970.0,1952509.0,127.001397,37.57089982
1478,2019,2019-06-19 05,야,수,1,0,0,0,0,서울,동대문구,차량단독,공작물충돌,공작물충돌,안전운전 의무 불이행,교차로,교차로부근,이륜차,없음,959731.0,1952641.0,127.0439786,37.57226177
1501,2019,2019-06-21 15,주,금,1,0,0,0,0,서울,서초구,차대사람,기타,기타,안전운전 의무 불이행,단일로,기타단일로,이륜차,보행자,954582.0,1941952.0,126.9863324,37.47567933
1532,2019,2019-06-25 00,야,화,1,0,0,0,0,서울,강북구,차대차,정면충돌,정면충돌,중앙선 침범,단일로,기타단일로,자전거,승용차,958316.0,1959613.0,127.0275578,37.63503883
1548,2019,2019-06-26 22,야,수,1,0,0,0,0,서울,동대문구,차대사람,기타,기타,과속,단일로,기타단일로,승용차,보행자,958110.0,1952912.0,127.0256069,37.57463202
1551,2019,2019-06-27 04,야,목,1,0,0,0,0,서울,영등포구,차대사람,횡단중,횡단중,안전운전 의무 불이행,단일로,기타단일로,승용차,보행자,947538.0,1946496.0,126.9063458,37.51626208
1574,2019,2019-06-30 03,야,일,1,0,0,0,0,서울,중랑구,차대사람,횡단중,횡단중,안전운전 의무 불이행,단일로,기타단일로,승용차,보행자,964415.0,1954525.0,127.0969292,37.58943584
1606,2019,2019-07-05 21,야,금,1,0,0,0,0,서울,광진구,차대사람,기타,기타,안전운전 의무 불이행,단일로,기타단일로,승합차,보행자,963085.0,1950840.0,127.0820503,37.55616937
1631,2019,2019-07-09 02,야,화,1,0,0,0,0,서울,강동구,차대사람,횡단중,횡단중,과속,교차로,교차로내,승용차,보행자,967148.0,1947238.0,127.1282117,37.52385693
1659,2019,2019-07-13 07,주,토,1,0,0,0,0,서울,중랑구,차량단독,공작물충돌,공작물충돌,안전운전 의무 불이행,교차로,교차로부근,이륜차,없음,964097.0,1953602.0,127.0933725,37.58110421
1701,2019,2019-07-19 16,주,금,1,0,0,0,0,서울,송파구,차대사람,차도통행중,차도통행중,안전운전 의무 불이행,단일로,기타단일로,승용차,보행자,965129.0,1945375.0,127.1054514,37.50699077
1704,2019,2019-07-20 05,야,토,1,7,5,2,0,서울,영등포구,차량단독,기타,기타,안전운전 의무 불이행,단일로,기타단일로,승합차,없음,947270.0,1948632.0,126.9031599,37.53549886
1711,2019,2019-07-22 04,야,월,1,0,0,0,0,서울,노원구,차대사람,차도통행중,차도통행중,과속,단일로,기타단일로,승용차,보행자,962829.4,1957778.0,127.0788043,37.61869329
1736,2019,2019-07-24 09,주,수,1,1,0,1,0,서울,동대문구,차대차,추돌,추돌,안전운전 의무 불이행,단일로,교량위,이륜차,승용차,962157.0,1955875.0,127.0712837,37.60151365
1759,2019,2019-07-26 22,야,금,1,3,2,1,0,서울,서초구,차대차,기타,기타,안전운전 의무 불이행,교차로,교차로내,승용차,승용차,957366.0,1944061.0,127.0176956,37.49482121
1760,2019,2019-07-26 22,야,금,1,0,0,0,0,서울,노원구,차대사람,횡단중,횡단중,안전운전 의무 불이행,교차로,교차로부근,승합차,보행자,961247.0,1961765.0,127.0606623,37.65456353
1763,2019,2019-07-27 04,야,토,1,0,0,0,0,서울,강동구,차대사람,횡단중,횡단중,과속,교차로,교차로내,승용차,보행자,969055.0,1948108.0,127.1497563,37.5317646
1769,2019,2019-07-29 03,야,월,1,0,0,0,0,서울,용산구,차량단독,공작물충돌,공작물충돌,안전운전 의무 불이행,단일로,기타단일로,승용차,없음,951118.0,1948476.0,126.9467231,37.53430489
1776,2019,2019-07-29 15,주,월,1,0,0,0,0,서울,서초구,차대사람,횡단중,횡단중,안전운전 의무 불이행,단일로,지하차도(도로)내,건설기계,보행자,954244.0,1942048.0,126.9825039,37.47652793
1782,2019,2019-07-29 22,야,월,1,0,0,0,0,서울,마포구,차대사람,기타,기타,안전운전 의무 불이행,교차로,교차로내,승용차,보행자,947429.0,1950937.0,126.9047944,37.55628316
1787,2019,2019-07-30 07,주,화,1,0,0,0,0,서울,용산구,차대차,측면충돌,측면충돌,안전거리 미확보,단일로,기타단일로,이륜차,화물차,952156.0,1948303.0,126.9584826,37.53280006
1796,2019,2019-07-30 19,야,화,1,0,0,0,0,서울,서대문구,차대차,측면충돌,측면충돌,안전운전 의무 불이행,교차로,교차로내,자전거,화물차,951002.0,1954861.0,126.9449834,37.59184767
1814,2019,2019-08-01 15,주,목,1,0,0,0,0,서울,금천구,차대차,기타,기타,안전운전 의무 불이행,교차로,교차로내,자전거,승용차,946591.0,1941158.0,126.8960178,37.4680954
1823,2019,2019-08-03 00,야,토,1,1,0,1,0,서울,용산구,차대사람,차도통행중,차도통행중,안전운전 의무 불이행,단일로,기타단일로,승용차,보행자,953271.0,1948256.0,126.9711051,37.53243363
1852,2019,2019-08-06 14,주,화,1,0,0,0,0,서울,용산구,차대사람,횡단중,횡단중,안전운전 의무 불이행,단일로,기타단일로,승합차,보행자,952014.0,1948720.0,126.9568482,37.53655119
1859,2019,2019-08-07 12,주,수,1,0,0,0,0,서울,강남구,차대사람,보도통행중,보도통행중,안전운전 의무 불이행,기타,기타,건설기계,보행자,958055.0,1945128.5,127.0254289,37.50447453
1861,2019,2019-08-07 18,야,수,1,0,0,0,0,서울,강북구,차대차,정면충돌,정면충돌,기타,단일로,기타단일로,자전거,화물차,958442.0,1960271.5,127.0289484,37.64097969
1866,2019,2019-08-08 10,주,목,1,0,0,0,0,서울,양천구,차대사람,횡단중,횡단중,보행자 보호의무 위반,단일로,기타단일로,승용차,보행자,944496.0,1946466.0,126.871927,37.51581366
1877,2019,2019-08-09 13,주,금,1,0,0,0,0,서울,서대문구,차대사람,기타,기타,안전운전 의무 불이행,기타,기타,화물차,보행자,951268.0,1952187.0,126.9481743,37.56776071
1884,2019,2019-08-10 04,야,토,1,0,0,0,0,서울,동대문구,차대사람,기타,기타,안전운전 의무 불이행,단일로,기타단일로,승용차,보행자,957890.0,1952725.0,127.0231262,37.57293651
1902,2019,2019-08-13 13,주,화,1,0,0,0,0,서울,구로구,차대차,기타,기타,안전거리 미확보,교차로,교차로부근,승합차,자전거,946014.0,1944195.0,126.8892703,37.4954349
1912,2019,2019-08-14 15,주,수,1,0,0,0,0,서울,영등포구,차대사람,횡단중,횡단중,보행자 보호의무 위반,교차로,교차로횡단보도내,건설기계,보행자,947491.6,1947844.2,126.9057244,37.52841096
1938,2019,2019-08-17 18,야,토,1,0,0,0,0,서울,강동구,차대차,측면충돌,측면충돌,신호위반,교차로,교차로내,이륜차,승용차,970512.0,1951519.0,127.1661096,37.5625572
1940,2019,2019-08-18 09,주,일,1,0,0,0,0,서울,양천구,차대사람,기타,기타,중앙선 침범,단일로,기타단일로,이륜차,보행자,943763.0,1947691.0,126.8635392,37.52681029
1951,2019,2019-08-19 22,야,월,1,0,0,0,0,서울,도봉구,차대사람,기타,기타,안전운전 의무 불이행,단일로,기타단일로,승용차,보행자,959740.0,1964896.0,127.0434053,37.68271875
1954,2019,2019-08-20 04,야,화,1,0,0,0,0,서울,송파구,차대차,측면충돌,측면충돌,안전운전 의무 불이행,단일로,기타단일로,화물차,승용차,968511.0,1946394.0,127.1436727,37.51629711
1965,2019,2019-08-21 15,주,수,1,0,0,0,0,서울,용산구,차대사람,보도통행중,보도통행중,기타,교차로,교차로부근,승용차,보행자,955559.0,1947984.0,126.997017,37.53009516
1998,2019,2019-08-25 08,주,일,1,0,0,0,0,서울,중랑구,차대차,정면충돌,정면충돌,중앙선 침범,단일로,기타단일로,건설기계,이륜차,962904.0,1954025.0,127.0798398,37.58486951
2008,2019,2019-08-26 15,주,월,1,0,0,0,0,서울,은평구,차대차,기타,기타,기타,교차로,교차로부근,자전거,화물차,948424.0,1955714.0,126.9157228,37.59939488
2011,2019,2019-08-27 01,야,화,1,0,0,0,0,서울,동대문구,차대차,정면충돌,정면충돌,신호위반,교차로,교차로내,승용차,이륜차,962184.0,1952636.0,127.0717568,37.57232074
2024,2019,2019-08-29 07,주,목,1,0,0,0,0,서울,강서구,차대사람,차도통행중,차도통행중,안전운전 의무 불이행,단일로,기타단일로,승용차,보행자,943629.0,1950393.0,126.8618152,37.55115536
2029,2019,2019-08-29 14,주,목,1,1,0,1,0,서울,서대문구,차대사람,기타,기타,안전운전 의무 불이행,단일로,기타단일로,승용차,보행자,950966.0,1954836.0,126.9445774,37.59162043
2031,2019,2019-08-29 17,주,목,1,0,0,0,0,서울,강동구,차대차,기타,기타,신호위반,교차로,교차로내,원동기장치자전거,승용차,971530.0,1951894.0,127.1776216,37.56596927
2041,2019,2019-08-30 23,야,금,1,0,0,0,0,서울,은평구,차대사람,횡단중,횡단중,안전운전 의무 불이행,단일로,기타단일로,화물차,보행자,947101.0,1953438.0,126.9009005,37.57880607
2055,2019,2019-09-02 05,야,월,1,0,0,0,0,서울,강동구,차대사람,횡단중,횡단중,신호위반,교차로,교차로내,화물차,보행자,969275.0,1948810.0,127.1522169,37.53809939
2062,2019,2019-09-02 17,주,월,1,0,0,0,0,서울,동대문구,차량단독,기타,기타,안전운전 의무 불이행,교차로,교차로내,자전거,없음,961169.0,1953007.0,127.0602432,37.57562241
2072,2019,2019-09-03 08,주,화,1,1,0,1,0,서울,노원구,차대사람,횡단중,횡단중,안전운전 의무 불이행,단일로,기타단일로,건설기계,보행자,962571.0,1962740.0,127.075622,37.66340632
2093,2019,2019-09-05 16,주,목,1,2,0,2,0,서울,금천구,차대차,정면충돌,정면충돌,중앙선 침범,교차로,교차로부근,승용차,화물차,946701.0,1939539.0,126.8973788,37.45350934
2097,2019,2019-09-06 02,야,금,1,0,0,0,0,서울,중랑구,차대사람,횡단중,횡단중,과속,교차로,교차로횡단보도내,승합차,보행자,964032.0,1955482.0,127.092544,37.59804667
2110,2019,2019-09-07 19,야,토,1,0,0,0,0,서울,강서구,차대사람,횡단중,횡단중,안전운전 의무 불이행,교차로,교차로내,화물차,보행자,939240.0,1950878.0,126.8120896,37.55524762
2126,2019,2019-09-10 11,주,화,1,0,0,0,0,서울,강북구,차대사람,횡단중,횡단중,안전운전 의무 불이행,교차로,교차로내,화물차,보행자,959418.0,1958883.0,127.040088,37.62850856
2142,2019,2019-09-11 23,야,수,1,0,0,0,0,서울,중랑구,차대사람,횡단중,횡단중,과속,단일로,기타단일로,승용차,보행자,963595.0,1955734.0,127.0875811,37.60030083
2147,2019,2019-09-12 20,야,목,1,0,0,0,0,서울,서대문구,차대사람,횡단중,횡단중,안전운전 의무 불이행,단일로,기타단일로,승합차,보행자,951428.3,1953922.0,126.9498744,37.58340697
2148,2019,2019-09-12 21,야,목,1,1,0,1,0,서울,서대문구,차대사람,횡단중,횡단중,안전운전 의무 불이행,단일로,기타단일로,승합차,보행자,948183.5,1952464.6,126.9132284,37.57009432
2149,2019,2019-09-12 21,야,목,1,0,0,0,0,서울,금천구,차대사람,길가장자리구역통행중,길가장자리구역통행중,안전운전 의무 불이행,단일로,기타단일로,승합차,보행자,946796.0,1941595.0,126.8983043,37.472046
2153,2019,2019-09-13 05,야,금,1,1,1,0,0,서울,용산구,차량단독,공작물충돌,공작물충돌,안전운전 의무 불이행,단일로,지하차도(도로)내,이륜차,없음,956187.0,1948949.0,127.0040669,37.53882303
2180,2019,2019-09-17 01,야,화,1,0,0,0,0,서울,동작구,차량단독,기타,기타,안전운전 의무 불이행,단일로,고가도로위,이륜차,없음,947362.0,1943032.0,126.9046023,37.48503041
2218,2019,2019-09-20 13,주,금,1,0,0,0,0,서울,관악구,차대차,측면충돌,측면충돌,신호위반,교차로,교차로부근,승용차,이륜차,949975.0,1942997.0,126.9341594,37.48486019
2222,2019,2019-09-21 04,야,토,1,0,0,0,0,서울,동작구,차대차,측면충돌,측면충돌,안전거리 미확보,단일로,기타단일로,승용차,이륜차,952356.0,1945942.0,126.9608994,37.51153018
2227,2019,2019-09-21 14,주,토,1,3,3,0,0,서울,강동구,차대사람,기타,기타,기타,단일로,기타단일로,승용차,보행자,968700.0,1949504.0,127.1456788,37.54433537
2234,2019,2019-09-22 06,주,일,1,0,0,0,0,서울,동대문구,차대사람,차도통행중,차도통행중,안전운전 의무 불이행,교차로,교차로부근,승용차,보행자,961395.0,1952121.0,127.0628492,37.56764614
2244,2019,2019-09-23 11,주,월,1,0,0,0,0,서울,서초구,차대사람,차도통행중,차도통행중,안전운전 의무 불이행,단일로,기타단일로,건설기계,보행자,957205.0,1943371.0,127.0159144,37.48859454
2249,2019,2019-09-23 14,주,월,1,0,0,0,0,서울,서초구,차대사람,보도통행중,보도통행중,보행자 보호의무 위반,교차로,교차로횡단보도내,건설기계,보행자,956187.0,1945328.0,127.0042829,37.50618589
2264,2019,2019-09-25 02,야,수,1,0,0,0,0,서울,양천구,차대사람,횡단중,횡단중,안전운전 의무 불이행,교차로,교차로부근,승용차,보행자,945290.0,1948671.0,126.880747,37.53573498
2283,2019,2019-09-27 05,야,금,1,0,0,0,0,서울,서초구,차대사람,횡단중,횡단중,안전운전 의무 불이행,단일로,기타단일로,승용차,보행자,954663.0,1941945.0,126.9872489,37.47562022
2289,2019,2019-09-27 14,주,금,1,0,0,0,0,서울,중랑구,차대차,측면충돌,측면충돌,안전운전 의무 불이행,단일로,기타단일로,자전거,승합차,963026.0,1955191.0,127.0811627,37.59538392
2308,2019,2019-09-29 11,주,일,1,0,0,0,0,서울,서대문구,차대차,측면충돌,측면충돌,안전거리 미확보,단일로,기타단일로,건설기계,이륜차,950798.8,1951572.8,126.9429027,37.56219988
2316,2019,2019-09-29 22,야,일,1,0,0,0,0,서울,마포구,차량단독,기타,기타,안전운전 의무 불이행,단일로,기타단일로,개인형이동수단(PM),없음,950462.0,1949674.0,126.9392176,37.54506765
2328,2019,2019-09-30 22,야,월,1,0,0,0,0,서울,금천구,차대사람,횡단중,횡단중,신호위반,단일로,기타단일로,승용차,보행자,946703.0,1940747.0,126.897314,37.46439743
2330,2019,2019-10-01 05,야,화,1,0,0,0,0,서울,영등포구,차대차,추돌,추돌,안전운전 의무 불이행,기타,기타,화물차,자전거,950178.0,1947106.0,126.936177,37.5219065
2332,2019,2019-10-01 08,주,화,1,2,0,2,0,서울,강서구,차대차,측면충돌,측면충돌,안전거리 미확보,단일로,기타단일로,이륜차,승용차,940604.0,1951746.0,126.8274612,37.56315983
2333,2019,2019-10-01 10,주,화,1,0,0,0,0,서울,금천구,차대사람,횡단중,횡단중,보행자 보호의무 위반,교차로,교차로내,화물차,보행자,946784.0,1941504.0,126.8981752,37.47122511
2335,2019,2019-10-01 16,주,화,1,0,0,0,0,서울,은평구,차대차,측면충돌,측면충돌,기타,교차로,교차로내,원동기장치자전거,승용차,949424.0,1957212.0,126.9269472,37.61295197
2338,2019,2019-10-02 03,야,수,1,0,0,0,0,서울,서초구,차대차,측면충돌,측면충돌,신호위반,교차로,교차로내,승용차,이륜차,959453.0,1943015.0,127.0413621,37.48548723
2345,2019,2019-10-03 00,야,목,1,0,0,0,0,서울,강남구,차대사람,기타,기타,안전운전 의무 불이행,단일로,기타단일로,승용차,보행자,959880.0,1944149.0,127.04613,37.49572707
2368,2019,2019-10-04 23,야,금,1,1,1,0,0,서울,동대문구,차대차,측면충돌,측면충돌,신호위반,교차로,교차로내,이륜차,승용차,961217.0,1953269.0,127.0607729,37.57798592
2369,2019,2019-10-05 03,야,토,1,0,0,0,0,서울,성동구,차대사람,차도통행중,차도통행중,안전운전 의무 불이행,단일로,기타단일로,화물차,보행자,959349.0,1950231.0,127.0397864,37.55052297
2377,2019,2019-10-06 14,주,일,1,0,0,0,0,서울,중구,차대사람,횡단중,횡단중,안전운전 의무 불이행,단일로,기타단일로,승합차,보행자,955680.0,1951987.0,126.9981446,37.56618101
2381,2019,2019-10-07 05,야,월,1,0,0,0,0,서울,송파구,차대사람,차도통행중,차도통행중,안전운전 의무 불이행,단일로,기타단일로,승용차,보행자,967439.0,1944561.0,127.1316235,37.49973821
2388,2019,2019-10-08 06,주,화,1,0,0,0,0,서울,강동구,차대사람,횡단중,횡단중,보행자 보호의무 위반,단일로,기타단일로,승용차,보행자,968144.0,1950186.0,127.1393553,37.55046346
2396,2019,2019-10-09 06,주,수,1,0,0,0,0,서울,구로구,차대사람,기타,기타,과속,단일로,기타단일로,승용차,보행자,942083.0,1941991.0,126.8449759,37.47533177
2420,2019,2019-10-11 10,주,금,1,0,0,0,0,서울,금천구,차량단독,공작물충돌,공작물충돌,신호위반,교차로,교차로부근,승용차,없음,947210.3,1941437.8,126.9030008,37.47065289
2425,2019,2019-10-11 20,야,금,1,0,0,0,0,서울,동대문구,차대차,측면충돌,측면충돌,신호위반,교차로,교차로내,승용차,이륜차,958557.6,1952844.3,127.0306795,37.57404209
2430,2019,2019-10-12 07,주,토,1,0,0,0,0,서울,성동구,차대차,추돌,추돌,기타,교차로,교차로부근,승용차,자전거,960397.0,1948641.0,127.0517364,37.53623744
2447,2019,2019-10-14 12,주,월,1,0,0,0,0,서울,서대문구,차량단독,기타,기타,안전운전 의무 불이행,단일로,기타단일로,승용차,없음,948388.0,1953894.0,126.9154433,37.5829891
2478,2019,2019-10-17 04,야,목,1,2,1,1,0,서울,양천구,차대차,추돌,추돌,안전운전 의무 불이행,단일로,기타단일로,승용차,건설기계,940619.0,1947444.0,126.8279792,37.52438696
2486,2019,2019-10-18 05,야,금,1,0,0,0,0,서울,동대문구,차대차,정면충돌,정면충돌,안전운전 의무 불이행,교차로,교차로내,승용차,자전거,959327.0,1952949.0,127.0393866,37.57502009
2521,2019,2019-10-21 17,주,월,1,0,0,0,0,서울,강남구,차량단독,공작물충돌,공작물충돌,안전운전 의무 불이행,단일로,기타단일로,이륜차,없음,962470.0,1944382.0,127.0754175,37.49793613
2536,2019,2019-10-23 02,야,수,1,0,0,0,0,서울,강서구,차대사람,횡단중,횡단중,과속,단일로,기타단일로,승용차,보행자,942318.0,1950122.0,126.8469953,37.54863168
2538,2019,2019-10-23 08,주,수,1,0,0,0,0,서울,노원구,차대차,추돌,추돌,안전운전 의무 불이행,단일로,터널안,화물차,화물차,962883.0,1964606.0,127.0790644,37.68023755
2543,2019,2019-10-23 20,야,수,1,0,0,0,0,서울,성동구,차대사람,횡단중,횡단중,안전운전 의무 불이행,단일로,기타단일로,승용차,보행자,958875.0,1949679.0,127.0344514,37.5455266
2544,2019,2019-10-23 23,야,수,1,1,1,0,0,서울,강북구,차대차,측면충돌,측면충돌,신호위반,교차로,교차로내,이륜차,화물차,958871.0,1959659.0,127.0338454,37.63547845
2545,2019,2019-10-23 23,야,수,1,0,0,0,0,서울,송파구,차대사람,기타,기타,안전운전 의무 불이행,단일로,기타단일로,승용차,보행자,966274.0,1946295.0,127.118364,37.51532571
2546,2019,2019-10-24 00,야,목,1,0,0,0,0,서울,영등포구,차대사람,기타,기타,과속,단일로,기타단일로,승용차,보행자,949231.0,1947566.0,126.9254288,37.52600092
2561,2019,2019-10-25 07,주,금,1,16,5,8,3,서울,송파구,차대차,측면충돌,측면충돌,신호위반,교차로,교차로내,승합차,승용차,968157.0,1945366.0,127.1397115,37.50701911
2582,2019,2019-10-26 07,주,토,1,0,0,0,0,서울,서대문구,차대사람,차도통행중,차도통행중,안전운전 의무 불이행,단일로,기타단일로,승합차,보행자,951056.0,1954390.0,126.9456266,37.58760538
2602,2019,2019-10-28 05,야,월,1,0,0,0,0,서울,강서구,차대사람,차도통행중,차도통행중,안전운전 의무 불이행,교차로,교차로부근,승용차,보행자,939579.0,1950568.0,126.815953,37.55247591
2608,2019,2019-10-28 15,주,월,1,2,0,2,0,서울,강서구,차대차,측면충돌,측면충돌,과속,교차로,교차로내,승용차,승용차,938629.0,1952810.0,126.8050107,37.57262005
2630,2019,2019-10-30 09,주,수,1,0,0,0,0,서울,중랑구,차대사람,횡단중,횡단중,안전운전 의무 불이행,교차로,교차로내,승합차,보행자,962858.0,1957313.0,127.0791519,37.61450329
2634,2019,2019-10-30 18,야,수,1,0,0,0,0,서울,관악구,차대사람,횡단중,횡단중,안전운전 의무 불이행,교차로,교차로내,화물차,보행자,948187.0,1943020.3,126.9139344,37.48497161
2652,2019,2019-11-01 09,주,금,1,0,0,0,0,서울,성북구,차량단독,공작물충돌,공작물충돌,안전운전 의무 불이행,교차로,교차로부근,건설기계,없음,956335.0,1957582.0,127.0052275,37.6166411
2658,2019,2019-11-01 22,야,금,1,1,1,0,0,서울,강남구,차대차,추돌,추돌,안전운전 의무 불이행,단일로,기타단일로,이륜차,승용차,962801.0,1944513.0,127.0791554,37.49913029
2663,2019,2019-11-02 11,주,토,1,0,0,0,0,서울,서대문구,차대사람,횡단중,횡단중,안전운전 의무 불이행,단일로,기타단일로,승용차,보행자,951135.0,1954901.0,126.9464872,37.59221527
2698,2019,2019-11-05 05,야,화,1,0,0,0,0,서울,강서구,차대사람,기타,기타,안전운전 의무 불이행,단일로,기타단일로,승합차,보행자,939423.0,1953653.0,126.813932,37.58027052
2730,2019,2019-11-08 05,야,금,1,0,0,0,0,서울,구로구,차대사람,횡단중,횡단중,보행자 보호의무 위반,단일로,기타단일로,화물차,보행자,943379.0,1943955.0,126.8594813,37.49311389
2744,2019,2019-11-09 10,주,토,1,0,0,0,0,서울,관악구,차대사람,횡단중,횡단중,안전운전 의무 불이행,교차로,교차로부근,건설기계,보행자,949331.0,1943801.0,126.92682,37.49207172
2798,2019,2019-11-15 02,야,금,1,1,1,0,0,서울,서초구,차대사람,기타,기타,안전운전 의무 불이행,단일로,지하차도(도로)내,화물차,보행자,954521.0,1945254.0,126.9854384,37.5054383
2811,2019,2019-11-15 22,야,금,1,0,0,0,0,서울,송파구,차대차,기타,기타,안전운전 의무 불이행,단일로,기타단일로,승용차,승용차,966009.0,1947547.0,127.1153075,37.52660079
2813,2019,2019-11-16 04,야,토,1,0,0,0,0,서울,송파구,차대차,기타,기타,신호위반,교차로,교차로내,이륜차,승용차,963997.0,1945891.0,127.0926184,37.51159822
2818,2019,2019-11-16 18,야,토,1,0,0,0,0,서울,강북구,차대차,기타,기타,신호위반,단일로,기타단일로,이륜차,승합차,958391.0,1959629.0,127.0284069,37.63518644
2852,2019,2019-11-21 00,야,목,1,1,0,1,0,서울,강남구,차대차,정면충돌,정면충돌,신호위반,교차로,교차로부근,이륜차,승용차,959598.3,1944870.8,127.0429036,37.50222064
2855,2019,2019-11-21 07,주,목,1,0,0,0,0,서울,영등포구,차대사람,기타,기타,신호위반,단일로,기타단일로,승용차,보행자,946823.0,1947955.0,126.8981497,37.5293713
2882,2019,2019-11-25 01,야,월,1,0,0,0,0,서울,송파구,차량단독,공작물충돌,공작물충돌,안전운전 의무 불이행,단일로,교량위,승용차,없음,963907.0,1947323.0,127.0915297,37.52450191
2903,2019,2019-11-27 05,야,수,1,0,0,0,0,서울,서초구,차대차,추돌,추돌,안전운전 의무 불이행,단일로,기타단일로,이륜차,화물차,957698.0,1942719.2,127.0215284,37.48274234
2935,2019,2019-12-01 00,야,일,1,1,0,1,0,서울,강동구,차대차,기타,기타,중앙선 침범,단일로,기타단일로,이륜차,승용차,966508.0,1949005.0,127.1208883,37.53976062
2938,2019,2019-12-01 05,야,일,1,0,0,0,0,서울,마포구,차대사람,차도통행중,차도통행중,과속,단일로,기타단일로,승용차,보행자,947974.0,1950059.0,126.9110268,37.54840059
2957,2019,2019-12-03 15,주,화,1,0,0,0,0,서울,동대문구,차대차,측면충돌,측면충돌,중앙선 침범,단일로,기타단일로,승용차,이륜차,961052.0,1955093.0,127.0588073,37.59441915
2960,2019,2019-12-03 21,야,화,1,0,0,0,0,서울,관악구,차대사람,차도통행중,차도통행중,안전운전 의무 불이행,단일로,기타단일로,승용차,보행자,949957.1,1943202.2,126.933943,37.48670874
2962,2019,2019-12-03 23,야,화,1,0,0,0,0,서울,성동구,차대사람,기타,기타,안전운전 의무 불이행,단일로,기타단일로,승용차,보행자,960642.0,1950182.0,127.0544268,37.55013747
2969,2019,2019-12-04 12,주,수,1,0,0,0,0,서울,강서구,차대차,기타,기타,신호위반,교차로,교차로내,승합차,원동기장치자전거,939937.5,1950120.1,126.8200481,37.54846245
2999,2019,2019-12-07 18,야,토,1,0,0,0,0,서울,노원구,차대차,추돌,추돌,신호위반,교차로,교차로내,승용차,이륜차,962122.0,1960732.0,127.0706354,37.64528944
3004,2019,2019-12-08 03,야,일,1,0,0,0,0,서울,서대문구,차량단독,전도,전도,안전운전 의무 불이행,단일로,기타단일로,이륜차,없음,950614.0,1955221.0,126.9405643,37.59507164
3015,2019,2019-12-09 03,야,월,1,0,0,0,0,서울,마포구,차대차,측면충돌,측면충돌,신호위반,단일로,기타단일로,화물차,이륜차,950533.0,1950075.0,126.9399942,37.54868575
3024,2019,2019-12-10 07,주,화,1,0,0,0,0,서울,성북구,차대사람,차도통행중,차도통행중,안전운전 의무 불이행,교차로,교차로부근,화물차,보행자,961353.0,1956989.0,127.0621167,37.61152096
3047,2019,2019-12-12 04,야,목,1,0,0,0,0,서울,용산구,차량단독,공작물충돌,공작물충돌,안전운전 의무 불이행,단일로,기타단일로,화물차,없음,955923.0,1947125.0,127.0011882,37.52237022
3048,2019,2019-12-12 07,주,목,1,0,0,0,0,서울,양천구,차대사람,기타,기타,과속,단일로,터널안,승용차,보행자,940873.0,1945447.0,126.8310143,37.50640427
3062,2019,2019-12-12 21,야,목,1,0,0,0,0,서울,서초구,차대사람,기타,기타,안전운전 의무 불이행,단일로,기타단일로,화물차,보행자,963540.0,1940474.0,127.0877159,37.46275441
3076,2019,2019-12-14 11,주,토,1,0,0,0,0,서울,성동구,차량단독,전도,전도,안전운전 의무 불이행,단일로,기타단일로,이륜차,없음,959661.0,1950828.0,127.0432857,37.55591763
3079,2019,2019-12-14 12,주,토,1,0,0,0,0,서울,성북구,차량단독,기타,기타,안전운전 의무 불이행,단일로,기타단일로,사륜오토바이(ATV),없음,959528.0,1957237.0,127.0414257,37.6136777
3097,2019,2019-12-16 12,주,월,1,0,0,0,0,서울,강서구,차대차,기타,기타,신호위반,교차로,교차로부근,이륜차,승합차,944403.0,1950020.0,126.8706056,37.54784052
3099,2019,2019-12-16 20,야,월,1,0,0,0,0,서울,관악구,차대차,측면충돌,측면충돌,신호위반,교차로,교차로내,이륜차,이륜차,951923.0,1943069.0,126.9561879,37.48561262
3103,2019,2019-12-17 02,야,화,1,0,0,0,0,서울,관악구,차대차,측면충돌,측면충돌,중앙선 침범,단일로,기타단일로,자전거,승용차,950385.0,1942872.0,126.9388052,37.48375565
3136,2019,2019-12-20 02,야,금,1,0,0,0,0,서울,구로구,차대사람,횡단중,횡단중,과속,단일로,기타단일로,승용차,보행자,942052.0,1944307.0,126.8444429,37.49620416
3158,2019,2019-12-22 09,주,일,1,0,0,0,0,서울,서초구,차대사람,기타,기타,안전운전 의무 불이행,기타,기타,승용차,보행자,956366.0,1943685.0,127.0064056,37.49138547
3187,2019,2019-12-26 16,주,목,1,0,0,0,0,서울,은평구,차대차,측면충돌,측면충돌,신호위반,교차로,교차로내,승용차,이륜차,948775.0,1958970.0,126.9194708,37.62876092
3215,2019,2019-12-29 23,야,일,1,0,0,0,0,서울,동대문구,차대사람,횡단중,횡단중,과속,단일로,기타단일로,승용차,보행자,961409.9,1954638.0,127.0628854,37.5903332
3216,2019,2019-12-30 00,야,월,1,0,0,0,0,서울,관악구,차대사람,차도통행중,차도통행중,안전운전 의무 불이행,단일로,기타단일로,승용차,보행자,949345.0,1943932.0,126.9269693,37.49325322
3227,2019,2019-12-31 01,야,화,1,0,0,0,0,서울,서초구,차대차,측면충돌,측면충돌,안전운전 의무 불이행,단일로,기타단일로,승용차,이륜차,954355.0,1944739.0,126.9835923,37.50078826
3228,2019,2019-12-31 05,야,화,1,0,0,0,0,서울,강남구,차대사람,차도통행중,차도통행중,안전운전 의무 불이행,교차로,교차로부근,화물차,보행자,964440.0,1943029.0,127.0977693,37.48581892
